{"clouds": [0.0, 107.37674713134766], "wind": [0.002656535478308797, 224.14617919921875]}