{"clouds": [0.0, 120.69391632080078], "wind": [0.001012943673413247, 290.1396697998047]}
