{"clouds": [0.0, 116.98563385009766], "wind": [0.0016343496972694993, 255.76800537109375]}